time,theta,tvc,combined
0.000000000000000000e+00,1.000000007412991643e+01,0.000000000000000000e+00,1.000000007412991643e+01
1.000000000000000021e-02,9.999994623353259726e+00,0.000000000000000000e+00,9.999994623353259726e+00
2.000000000000000042e-02,1.000003645056151313e+01,-5.636301931341964888e-01,1.056366664369570962e+01
2.999999999999999889e-02,1.000001680607028298e+01,-2.389378706899343729e+00,1.238939551296962627e+01
4.000000000000000083e-02,9.999500323200248175e+00,-4.290743026366325097e+00,1.429024334956657327e+01
5.000000000000000278e-02,9.997889069224415337e+00,-5.723395118568860518e+00,1.572128418779327674e+01
5.999999999999999778e-02,9.994457079423495927e+00,-6.595280148046522406e+00,1.658973722747001744e+01
7.000000000000000666e-02,9.988481296586503078e+00,-7.017088535417889794e+00,1.700556983200439376e+01
8.000000000000000167e-02,9.979366837964457559e+00,-7.150551505187919155e+00,1.712991834315237583e+01
8.999999999999999667e-02,9.966493627147144707e+00,-7.135147775523766889e+00,1.710164140267091071e+01
1.000000000000000056e-01,9.949294287286434724e+00,-7.064994399589168417e+00,1.701428868687560225e+01
1.100000000000000006e-01,9.927230466541505649e+00,-6.991615435683478097e+00,1.691884590222498375e+01
1.199999999999999956e-01,9.899767146863110767e+00,-6.936204006530743982e+00,1.683597115339385653e+01
1.300000000000000044e-01,9.866439851038274256e+00,-6.902418039859898435e+00,1.676885789089817180e+01
1.400000000000000133e-01,9.826716996297221840e+00,-6.886031479986539416e+00,1.671274847628376037e+01
1.499999999999999944e-01,9.780061889319293655e+00,-6.880812966978504086e+00,1.666087485629779863e+01
1.600000000000000033e-01,9.725921177512187654e+00,-6.881373208378345652e+00,1.660729438589053331e+01
1.700000000000000122e-01,9.663666263558386760e+00,-6.884068625858912327e+00,1.654773488941729909e+01
1.799999999999999933e-01,9.592688095702577300e+00,-6.886900454220246992e+00,1.647958854992282340e+01
1.900000000000000022e-01,9.512253061703953350e+00,-6.889043593653008557e+00,1.640129665535696191e+01
2.000000000000000111e-01,9.421255689964864288e+00,-6.890352792069283971e+00,1.631160848203414915e+01
2.099999999999999922e-01,9.318571839216502894e+00,-6.890989363180737293e+00,1.620956120239723930e+01
2.200000000000000011e-01,9.203059064980822157e+00,-6.891193386784951080e+00,1.609425245176577235e+01
2.300000000000000100e-01,9.073573990101488462e+00,-6.824726775347710550e+00,1.589830076544919990e+01
2.399999999999999911e-01,8.929233047786931721e+00,-6.508217613028271842e+00,1.543745066081520356e+01
2.500000000000000000e-01,8.769759686585523184e+00,-5.929213381569008234e+00,1.469897306815453142e+01
2.600000000000000089e-01,8.595461142093729023e+00,-5.177683076083554603e+00,1.377314421817728274e+01
2.700000000000000178e-01,8.406888437346358600e+00,-4.356916332687959859e+00,1.276380477003431935e+01
2.800000000000000266e-01,8.205103106551353775e+00,-3.532284494605011371e+00,1.173738760115636559e+01
2.899999999999999800e-01,7.991617229842747250e+00,-2.755246744606631992e+00,1.074686397444937924e+01
2.999999999999999889e-01,7.768216662801676442e+00,-2.066123768558994822e+00,9.834340431360670820e+00
3.099999999999999978e-01,7.536808575626826823e+00,-1.484579200115623276e+00,9.021387775742450543e+00
3.200000000000000067e-01,7.299203679491055752e+00,-1.012174948558349330e+00,8.311378628049405748e+00
3.300000000000000155e-01,7.056993503318909511e+00,-6.388630782741484548e-01,7.695856581593058188e+00
3.400000000000000244e-01,6.811577597738599721e+00,-3.487726105859993986e-01,7.160350208324599564e+00
3.500000000000000333e-01,6.564247450847605414e+00,-1.264025472831633856e-01,6.690649998130768772e+00
3.599999999999999867e-01,6.316143262507462275e+00,4.168379332814389771e-02,6.274459469179318738e+00
3.699999999999999956e-01,6.068258899633045544e+00,1.671350444903659249e-01,5.901123855142679453e+00
3.800000000000000044e-01,5.821481659319863056e+00,2.598112438767625765e-01,5.561670415443100701e+00
3.900000000000000133e-01,5.576538408887776299e+00,3.276896496494173250e-01,5.248848759238359030e+00
4.000000000000000222e-01,5.334023791184326235e+00,3.764777075405584261e-01,4.957546083643768142e+00
4.100000000000000311e-01,5.094494929452719312e+00,4.101269832081750333e-01,4.684367946244544001e+00
4.199999999999999845e-01,4.858434776605438543e+00,4.322045474548137922e-01,4.426230229150625028e+00
4.299999999999999933e-01,4.626254008329039991e+00,4.456279964931318949e-01,4.180626011835908429e+00
4.400000000000000022e-01,4.398294272698416663e+00,4.526565489623797789e-01,3.945637723736036939e+00
4.500000000000000111e-01,4.174894350270078824e+00,4.547263514537511764e-01,3.720167998816327426e+00
4.600000000000000200e-01,3.956382271196381417e+00,4.526940824405311092e-01,3.503688188755850419e+00
4.700000000000000289e-01,3.743021225335208868e+00,4.474259163868201661e-01,3.295595308948388702e+00
4.799999999999999822e-01,3.535020403786953036e+00,4.396943702109740726e-01,3.095326033575978908e+00
4.899999999999999911e-01,3.332389406143132060e+00,4.301878930578287297e-01,2.902201513085303386e+00
5.000000000000000000e-01,3.135152926843492338e+00,4.202589833824275645e-01,2.714893943461064829e+00
5.100000000000000089e-01,2.943327609874090367e+00,4.111894006297464044e-01,2.532138209244343852e+00
5.200000000000000178e-01,2.756911136006618968e+00,4.031466684774940301e-01,2.353764467529124715e+00
5.300000000000000266e-01,2.575980682378705477e+00,3.958117388146902837e-01,2.180168943564015027e+00
5.400000000000000355e-01,2.400658224377093752e+00,3.887678566250533652e-01,2.011890367752040554e+00
5.500000000000000444e-01,2.231028687659668108e+00,3.815939086609932418e-01,1.849434778998674922e+00
5.600000000000000533e-01,2.067072193709340144e+00,3.739534390009296994e-01,1.693118754708410556e+00
5.700000000000000622e-01,1.908759654521799298e+00,3.657052753561078617e-01,1.543054379165691437e+00
5.799999999999999600e-01,1.756034135283943254e+00,3.570044999567409949e-01,1.399029635327202259e+00
5.899999999999999689e-01,1.608875443016896556e+00,3.482011392899506674e-01,1.260674303726945888e+00
5.999999999999999778e-01,1.467233637403638546e+00,3.394435137665844371e-01,1.127790123637053998e+00
6.099999999999999867e-01,1.330974454344614921e+00,3.307205908302245922e-01,1.000253863514390273e+00
6.199999999999999956e-01,1.199808720619534919e+00,3.221114966224920551e-01,8.776972239970428635e-01
6.300000000000000044e-01,1.073326667094340214e+00,3.163258187431204349e-01,7.570008483512198350e-01
6.400000000000000133e-01,9.512587375885273033e-01,3.164331163504510158e-01,6.348256212380762875e-01
6.500000000000000222e-01,8.334043878721972831e-01,3.227620888039168801e-01,5.106422990682804031e-01
6.600000000000000311e-01,7.196129781352189614e-01,3.343420881478343931e-01,3.852708899873845683e-01
6.700000000000000400e-01,6.098191975600937287e-01,3.499564671652666270e-01,2.598627303948271017e-01
6.800000000000000488e-01,5.040100115365341304e-01,3.682932485627268271e-01,1.357167629738073034e-01
6.900000000000000577e-01,4.021979330725972135e-01,3.880392298123521710e-01,1.415870326024504244e-02
7.000000000000000666e-01,3.043143095129212106e-01,4.086554574366385029e-01,-1.043411479237172923e-01
7.099999999999999645e-01,2.103650967745330225e-01,4.301678752032801478e-01,-2.198027784287471253e-01
7.199999999999999734e-01,1.204695042704763547e-01,4.521138367328767504e-01,-3.316443324624003819e-01
7.299999999999999822e-01,3.472048762787850740e-02,4.713089922562210266e-01,-4.365885046283425330e-01
7.399999999999999911e-01,-4.677594042390617601e-02,4.862626102642911841e-01,-5.330385506881973878e-01
7.500000000000000000e-01,-1.239988853996158852e-01,4.972304856705538345e-01,-6.212293710701697336e-01
7.600000000000000089e-01,-1.969735908509766542e-01,5.050633844297754971e-01,-7.020369752807521513e-01
7.700000000000000178e-01,-2.656695751524403848e-01,5.107466033625988056e-01,-7.764161785150391903e-01
7.800000000000000266e-01,-3.300984095364657978e-01,5.150762096740210128e-01,-8.451746192104867550e-01
7.900000000000000355e-01,-3.904008142340570364e-01,5.184780907515744719e-01,-9.088789049856315083e-01
8.000000000000000444e-01,-4.467036213527053601e-01,5.211399873500642821e-01,-9.678436087027696422e-01
8.100000000000000533e-01,-4.990378132824015989e-01,5.222550833837854567e-01,-1.021292896666186945e+00
8.200000000000000622e-01,-5.474010816159321502e-01,5.210623629866437678e-01,-1.068463444602576029e+00
8.300000000000000711e-01,-5.918736621192018932e-01,5.175705406172560474e-01,-1.109444202736457941e+00
8.399999999999999689e-01,-6.326093467917056623e-01,5.120736093016775570e-01,-1.144682956093383108e+00
8.499999999999999778e-01,-6.697998235680283630e-01,5.050563531878057288e-01,-1.174856176755834092e+00
8.599999999999999867e-01,-7.035983183948502084e-01,4.971040092118854670e-01,-1.200702327606735675e+00
8.699999999999999956e-01,-7.341446780423971363e-01,4.887326280161380931e-01,-1.222877306058535174e+00
8.800000000000000044e-01,-7.615712080112257976e-01,4.802484432919866819e-01,-1.241819651303212479e+00
8.900000000000000133e-01,-7.859538034820616748e-01,4.717318991095704739e-01,-1.257685702591632149e+00
9.000000000000000222e-01,-8.073901343757960980e-01,4.623309329519829092e-01,-1.269721067327779007e+00
9.100000000000000311e-01,-8.260048991109395500e-01,4.510494553246464089e-01,-1.277054354435585903e+00
9.200000000000000400e-01,-8.419243721176986606e-01,4.378963801780929033e-01,-1.279820752295791619e+00
9.300000000000000488e-01,-8.552277838579305236e-01,4.233732006989749941e-01,-1.278600984556905518e+00
9.400000000000000577e-01,-8.660236756295185412e-01,4.080283407958789632e-01,-1.274052016425397449e+00
9.500000000000000666e-01,-8.744710983018459949e-01,3.922109013543828571e-01,-1.266681999656228852e+00
9.599999999999999645e-01,-8.806796054638470483e-01,3.761967429362162996e-01,-1.256876348400063348e+00
9.699999999999999734e-01,-8.847723256993189622e-01,3.602451882819949769e-01,-1.245017513981313995e+00
9.799999999999999822e-01,-8.868397186910080832e-01,3.444543694307738990e-01,-1.231294088121781982e+00
9.899999999999999911e-01,-8.869533802124365263e-01,3.288697615763137572e-01,-1.215823141788750394e+00
1.000000000000000000e+00,-8.852340743736411000e-01,3.134258006648296124e-01,-1.198659875038470712e+00
1.010000000000000009e+00,-8.817554961007791903e-01,2.980199059007484497e-01,-1.179775402001527640e+00
1.020000000000000018e+00,-8.766313548583092308e-01,2.826647361752425147e-01,-1.159296091033551690e+00
1.030000000000000027e+00,-8.699810770958370520e-01,2.673183615290219972e-01,-1.137299438624859160e+00
1.040000000000000036e+00,-8.618836091553704337e-01,2.520538790697116616e-01,-1.113937488225082095e+00
1.050000000000000044e+00,-8.524166758678747291e-01,2.368321902823394554e-01,-1.089248866150214212e+00
1.060000000000000053e+00,-8.416874713365306571e-01,2.215114746911763521e-01,-1.063198946027706926e+00
1.070000000000000062e+00,-8.297990664983579956e-01,2.061090788161840937e-01,-1.035908145314542006e+00
1.080000000000000071e+00,-8.168881234524909551e-01,1.907861418168911305e-01,-1.007674265269382197e+00
1.090000000000000080e+00,-8.030947542364111902e-01,1.757282218209873514e-01,-9.788229760573985416e-01
1.100000000000000089e+00,-7.884540548203307075e-01,1.611903519646384897e-01,-9.496444067849691972e-01
1.110000000000000098e+00,-7.730291000794218270e-01,1.473285062891887542e-01,-9.203576063686105257e-01
1.120000000000000107e+00,-7.568871222247796071e-01,1.340346511290930465e-01,-8.909217733538726813e-01
1.130000000000000115e+00,-7.400799108853863828e-01,1.211825504544035842e-01,-8.612624613397900086e-01
1.140000000000000124e+00,-7.226481895275662648e-01,1.086868009716232958e-01,-8.313349904991895745e-01
1.150000000000000133e+00,-7.046162826982270699e-01,9.646154403186738002e-02,-8.010778267300944222e-01
1.159999999999999920e+00,-6.860727102530403965e-01,8.442586370851117017e-02,-7.704985739615515250e-01
1.169999999999999929e+00,-6.671132136573094673e-01,7.249296545318084650e-02,-7.396061791104903138e-01
1.179999999999999938e+00,-6.477704139822654250e-01,6.079258518908662451e-02,-7.085629991713520148e-01
1.189999999999999947e+00,-6.281194033865047377e-01,4.947104994367070713e-02,-6.775904533301754240e-01
1.199999999999999956e+00,-6.082363802917990503e-01,3.851473818508373975e-02,-6.467511184768828247e-01
1.209999999999999964e+00,-5.881317699459189807e-01,2.799422596352245038e-02,-6.161259959094413929e-01
1.219999999999999973e+00,-5.678433609816083694e-01,1.795838116741555954e-02,-5.858017421490239185e-01
1.229999999999999982e+00,-5.474109181705006932e-01,8.317694906699747009e-03,-5.557286130772004507e-01
1.239999999999999991e+00,-5.268364442348995036e-01,-9.668772002659542031e-04,-5.258695670346335005e-01
1.250000000000000000e+00,-5.061406368594243421e-01,-9.940699854556134946e-03,-4.961999370048681968e-01
1.260000000000000009e+00,-4.853755948992036218e-01,-1.870060349276570291e-02,-4.666749914064379223e-01
1.270000000000000018e+00,-4.646411198264071007e-01,-2.728038257798126587e-02,-4.373607372484258349e-01
1.280000000000000027e+00,-4.440131566381759765e-01,-3.558258866328989356e-02,-4.084305679748860829e-01
1.290000000000000036e+00,-4.235288275475802555e-01,-4.337433682213107794e-02,-3.801544907254491568e-01
1.300000000000000044e+00,-4.032078634788002769e-01,-5.050282613458623865e-02,-3.527050373442140452e-01
1.310000000000000053e+00,-3.830107999360002902e-01,-5.696881511963288597e-02,-3.260419848163674250e-01
1.320000000000000062e+00,-3.629688995120407546e-01,-6.292109811306059730e-02,-3.000478013989801296e-01
1.330000000000000071e+00,-3.430937628267243800e-01,-6.860752736391380335e-02,-2.744862354628105905e-01
1.340000000000000080e+00,-3.234817487988861373e-01,-7.411391024361965729e-02,-2.493678385552664800e-01
1.350000000000000089e+00,-3.041938055230238858e-01,-7.942607504501551785e-02,-2.247677304780083540e-01
1.360000000000000098e+00,-2.852758767986292021e-01,-8.432533916179710265e-02,-2.009505376368320995e-01
1.370000000000000107e+00,-2.667035267958762224e-01,-8.863138117530000581e-02,-1.780721456205762165e-01
1.380000000000000115e+00,-2.484635084886911149e-01,-9.231349292365285952e-02,-1.561500155650382693e-01
1.390000000000000124e+00,-2.305814082735760384e-01,-9.556038525559222563e-02,-1.350210230179837989e-01
1.400000000000000133e+00,-2.130382312029477643e-01,-9.853741121464210106e-02,-1.145008199883056632e-01
1.409999999999999920e+00,-1.958156915938262521e-01,-1.013036841140504407e-01,-9.451200747977581140e-02
1.419999999999999929e+00,-1.788961757435698074e-01,-1.039577763676539923e-01,-7.493839937591581513e-02
1.429999999999999938e+00,-1.622685455633604834e-01,-1.065877602468397328e-01,-5.568078531652075058e-02
1.439999999999999947e+00,-1.459724782120187248e-01,-1.092582538243807438e-01,-3.671422438763798091e-02
1.449999999999999956e+00,-1.300388884073026274e-01,-1.119594402572610531e-01,-1.807944815004157435e-02
1.459999999999999964e+00,-1.145211579368620863e-01,-1.145386447783171974e-01,1.748684145511103516e-05
1.469999999999999973e+00,-9.947882402937636981e-02,-1.168562817365531026e-01,1.737745770717673277e-02
1.479999999999999982e+00,-8.491991305262634737e-02,-1.187143033173802265e-01,3.379439026475387908e-02
1.489999999999999991e+00,-7.090356859237399723e-02,-1.199939994417032751e-01,4.909043084932927792e-02
1.500000000000000000e+00,-5.747144041550110438e-02,-1.207037885625288909e-01,6.323234814702778650e-02
1.510000000000000009e+00,-4.463480171049715589e-02,-1.207871798563363436e-01,7.615237814583919462e-02
1.520000000000000018e+00,-3.237428562013722894e-02,-1.202332835695821278e-01,8.785899794944490582e-02
1.530000000000000027e+00,-2.069620727188907147e-02,-1.191413362475198245e-01,9.844512897563074960e-02
1.540000000000000036e+00,-9.586755720822154325e-03,-1.176850238235262053e-01,1.080982681027040510e-01
1.550000000000000044e+00,1.019822764378161117e-03,-1.159453420071545615e-01,1.169651647715327231e-01
1.560000000000000053e+00,1.118749525575070403e-02,-1.140555540041333776e-01,1.252430492598840817e-01
1.570000000000000062e+00,2.092570080887764389e-02,-1.122389876422982408e-01,1.331646884511758777e-01
1.580000000000000071e+00,3.022075708093233462e-02,-1.106811811201925955e-01,1.409019382011249266e-01
1.590000000000000080e+00,3.905522740230207152e-02,-1.093486536577661650e-01,1.484038810600682434e-01
1.600000000000000089e+00,4.747000688266000967e-02,-1.080926384857160555e-01,1.555626453683760513e-01
1.610000000000000098e+00,5.546641771154666584e-02,-1.067683168512865710e-01,1.622347345628332438e-01
1.620000000000000107e+00,6.304008280056620783e-02,-1.054023440165977044e-01,1.684424268171639261e-01
1.630000000000000115e+00,7.023236815551896217e-02,-1.039644177682734483e-01,1.741967859237923966e-01
1.640000000000000124e+00,7.707828394594554156e-02,-1.024400255173074509e-01,1.795183094632529786e-01
1.650000000000000133e+00,8.362912760094082243e-02,-1.009188841486771404e-01,1.845480117496179628e-01
1.660000000000000142e+00,8.984607355492306435e-02,-9.951528074733657914e-02,1.893613543022596435e-01
1.669999999999999929e+00,9.571501086916157919e-02,-9.830738406330374879e-02,1.940223949324653141e-01
1.679999999999999938e+00,1.012160564600025625e-01,-9.714810949729042744e-02,1.983641659572930038e-01
1.689999999999999947e+00,1.063360654939904115e-01,-9.589482147967311187e-02,2.022308869736635373e-01
1.699999999999999956e+00,1.110820315924400253e-01,-9.442233065636071454e-02,2.055043622488007538e-01
1.709999999999999964e+00,1.154919652350176185e-01,-9.268961961684379913e-02,2.081815848518614176e-01
1.719999999999999973e+00,1.196020881943438141e-01,-9.073469086937456518e-02,2.103367790637183932e-01
1.729999999999999982e+00,1.233695713365792063e-01,-8.872531827203912480e-02,2.120948896086183311e-01
1.739999999999999991e+00,1.267821400686293398e-01,-8.675621868013035087e-02,2.135383587487597046e-01
1.750000000000000000e+00,1.298241207069856240e-01,-8.472453091629117417e-02,2.145486516232767982e-01
1.760000000000000009e+00,1.324908193625954078e-01,-8.254030833250645960e-02,2.150311276951018535e-01
1.770000000000000018e+00,1.348519213056566524e-01,-8.012982727063153177e-02,2.149817485762881841e-01
1.780000000000000027e+00,1.369413835774115074e-01,-7.751142968449310777e-02,2.144528132619046290e-01
1.790000000000000036e+00,1.387625959165301182e-01,-7.490600996479655771e-02,2.136686058813266897e-01
1.800000000000000044e+00,1.402537283122176903e-01,-7.244395003936006383e-02,2.126976783515777680e-01
1.810000000000000053e+00,1.414092381447895064e-01,-7.009168236159203647e-02,2.115009205063815290e-01
1.820000000000000062e+00,1.422671245097780479e-01,-6.762022515343847628e-02,2.098873496632165381e-01
1.830000000000000071e+00,1.428342155519084222e-01,-6.496184135221076683e-02,2.077960569041191752e-01
1.840000000000000080e+00,1.431086532414886370e-01,-6.220142671312618721e-02,2.053100799546148103e-01
1.850000000000000089e+00,1.430934487051736259e-01,-5.937611175898706989e-02,2.024695604641607027e-01
1.860000000000000098e+00,1.428202733436858829e-01,-5.649212046123353037e-02,1.993123938049194133e-01
1.870000000000000107e+00,1.423475295916472316e-01,-5.355953188754522531e-02,1.959070614791924569e-01
1.880000000000000115e+00,1.417160677178421757e-01,-5.067569625107450071e-02,1.923917639689166625e-01
1.890000000000000124e+00,1.409985108986265556e-01,-4.800013845185030492e-02,1.889986493504768605e-01
1.900000000000000133e+00,1.402457135826720991e-01,-4.564491117207673809e-02,1.858906247547488233e-01
1.910000000000000142e+00,1.394169261388011061e-01,-4.377204219496753229e-02,1.831889683337686314e-01
1.919999999999999929e+00,1.385291787854243117e-01,-4.239189469616436862e-02,1.809210734815886734e-01
1.929999999999999938e+00,1.375752864745232451e-01,-4.129013287641872948e-02,1.788654193509419676e-01
1.939999999999999947e+00,1.365717275807233344e-01,-4.034751087929454999e-02,1.769192384600178913e-01
1.949999999999999956e+00,1.355307658323575415e-01,-3.944402975653053811e-02,1.749747955888880657e-01
1.959999999999999964e+00,1.343896032933470930e-01,-3.858198174410021331e-02,1.729715850374473063e-01
1.969999999999999973e+00,1.331223861782510065e-01,-3.773881073389421387e-02,1.708611969121452134e-01
1.979999999999999982e+00,1.317310248394069905e-01,-3.672114788060691637e-02,1.684521727200138930e-01
1.989999999999999991e+00,1.301862092898958545e-01,-3.544578318965550118e-02,1.656319924795513487e-01
2.000000000000000000e+00,1.284670608011355686e-01,-3.391630053426305386e-02,1.623833613353986294e-01
2.010000000000000231e+00,1.265476942780337788e-01,-3.212103435603110707e-02,1.586687286340648928e-01
2.020000000000000018e+00,1.244329592845559856e-01,-3.003687574216979891e-02,1.544698350267257880e-01
2.030000000000000249e+00,1.221146390455320058e-01,-2.765980841143742333e-02,1.497744474569694395e-01
2.040000000000000036e+00,1.196151727998630843e-01,-2.506076915697227903e-02,1.446759419568353633e-01
2.049999999999999822e+00,1.170592861540977053e-01,-2.227632892851151569e-02,1.393356150826092210e-01
2.060000000000000053e+00,1.144620761249117158e-01,-1.949177863361218482e-02,1.339538547585238937e-01
2.069999999999999840e+00,1.118134612575062831e-01,-1.706128150150994921e-02,1.288747427590162253e-01
2.080000000000000071e+00,1.091260252997262731e-01,-1.504364211294449694e-02,1.241696674126707700e-01
2.089999999999999858e+00,1.064412176235155216e-01,-1.333751781496792140e-02,1.197787354384834413e-01
2.100000000000000089e+00,1.037857733084118633e-01,-1.186971740243126378e-02,1.156554907108431340e-01
2.109999999999999876e+00,1.011569797798292231e-01,-1.065208213718518877e-02,1.118090619170144101e-01
2.120000000000000107e+00,9.856353673535318827e-02,-9.692215840114702316e-03,1.082557525754678923e-01
2.129999999999999893e+00,9.597276861929707192e-02,-8.913826217301770022e-03,1.048865948365988454e-01
2.140000000000000124e+00,9.334137977886590443e-02,-8.265159976559322344e-03,1.016065397554252320e-01
2.149999999999999911e+00,9.068188740785439184e-02,-7.573199334793561006e-03,9.825508674264794851e-02
2.160000000000000142e+00,8.801474659624188013e-02,-6.695472715461896381e-03,9.471021931170377217e-02
2.169999999999999929e+00,8.534482199394860524e-02,-5.665192368877972756e-03,9.101001436282657453e-02
2.180000000000000160e+00,8.266245177239392450e-02,-4.579399572921559643e-03,8.724185134531547980e-02
2.189999999999999947e+00,7.996108666998320846e-02,-3.497610984081688922e-03,8.345869765406489782e-02
2.200000000000000178e+00,7.725172334986832312e-02,-2.414769696753863576e-03,7.966649304662218323e-02
2.209999999999999964e+00,7.454776272629949629e-02,-1.314908117776787721e-03,7.586267084407628813e-02
2.220000000000000195e+00,7.187319511539159989e-02,-2.315766135723670068e-04,7.210477172896397058e-02
2.229999999999999982e+00,6.926535182784004929e-02,7.823797634040313264e-04,6.848297206443601515e-02
2.240000000000000213e+00,6.674840066955869955e-02,1.659235150615701558e-03,6.508916551894300406e-02
2.250000000000000000e+00,6.431046032517306887e-02,2.288962687450014303e-03,6.202149763772305674e-02
2.260000000000000231e+00,6.195425380750468891e-02,2.643777749804038669e-03,5.931047605770065068e-02
2.270000000000000018e+00,5.969947119168631661e-02,2.809209414488866418e-03,5.689026177719744976e-02
2.280000000000000249e+00,5.759861777062801752e-02,2.840777800184528940e-03,5.475783997044349205e-02
2.290000000000000036e+00,5.569089627499666795e-02,2.716904076353985655e-03,5.297399219864268316e-02
2.300000000000000266e+00,5.396356825740112467e-02,2.310136644544317618e-03,5.165343161285680662e-02
2.310000000000000053e+00,5.242736255341959306e-02,1.551175508038935263e-03,5.087618704538066083e-02
2.319999999999999840e+00,5.107100848404665799e-02,5.083111374703014242e-04,5.056269734657635462e-02
2.330000000000000071e+00,4.991122566459335608e-02,-7.584486336548955897e-04,5.066967429824825037e-02
2.339999999999999858e+00,4.902649020678807867e-02,-2.144011233565020543e-03,5.117050144035310139e-02
2.350000000000000089e+00,4.848255842032593577e-02,-3.691168225644681205e-03,5.217372664597061394e-02
2.359999999999999876e+00,4.834340257623607334e-02,-5.606526006524872353e-03,5.394992858276094483e-02
2.370000000000000107e+00,4.867252896850889771e-02,-8.081445295468968337e-03,5.675397426397786604e-02
2.379999999999999893e+00,4.950497553127503753e-02,-1.127094087741046732e-02,6.077591640868550138e-02
2.390000000000000124e+00,5.081346083917563650e-02,-1.524569162087599170e-02,6.605915246005163166e-02
2.399999999999999911e+00,5.251134960536146812e-02,-1.995562580490886639e-02,7.246697541027033451e-02
2.410000000000000142e+00,5.452631081571792521e-02,-2.510789908715442553e-02,7.963420990287234380e-02
2.419999999999999929e+00,5.680547776718997827e-02,-3.028231106942216172e-02,8.708778883661213999e-02
2.430000000000000160e+00,5.926291321139278562e-02,-3.514575470134039675e-02,9.440866791273318237e-02
2.439999999999999947e+00,6.183691861073271900e-02,-3.951220331444767198e-02,1.013491219251803910e-01
2.450000000000000178e+00,6.451360899091809764e-02,-4.322387445473309386e-02,1.077374834456511915e-01
2.459999999999999964e+00,6.735483773188481738e-02,-4.625316205923859364e-02,1.136079997911234041e-01
2.470000000000000195e+00,7.033478127210843200e-02,-4.878740624757105931e-02,1.191221875196794844e-01
2.479999999999999982e+00,7.339934447453090594e-02,-5.117499506980778545e-02,1.245743395443386914e-01
2.490000000000000213e+00,7.652888783751830848e-02,-5.350644086817179373e-02,1.300353287056900953e-01
2.500000000000000000e+00,7.968355478188252072e-02,-5.572465543565940926e-02,1.354082102175419300e-01
2.510000000000000231e+00,8.288206593071198447e-02,-5.775467249251642343e-02,1.406367384232284079e-01
2.520000000000000018e+00,8.609588036441234715e-02,-5.956417857434985474e-02,1.456600589387622158e-01
2.530000000000000249e+00,8.933138480370847456e-02,-6.120943170366484332e-02,1.505408165073733318e-01
2.540000000000000036e+00,9.255462214617388161e-02,-6.270942688984459945e-02,1.552640490360184811e-01
2.550000000000000266e+00,9.579782184380657151e-02,-6.410432831381850105e-02,1.599021501576250726e-01
2.560000000000000053e+00,9.910757460085761750e-02,-6.536715733582290633e-02,1.644747319366805238e-01
2.569999999999999840e+00,1.024425807856853277e-01,-6.664065231930105249e-02,1.690832331049863801e-01
2.580000000000000071e+00,1.057700072639818495e-01,-6.805889525481974289e-02,1.738289025188015924e-01
2.589999999999999858e+00,1.090360525000620973e-01,-6.952463457841898120e-02,1.785606870784810785e-01
2.600000000000000089e+00,1.121731715582193478e-01,-7.089359289416967413e-02,1.830667644523890081e-01
2.609999999999999876e+00,1.151990142835235403e-01,-7.196406519226256071e-02,1.871630794757860872e-01
2.620000000000000107e+00,1.181072450996657752e-01,-7.258260483756850956e-02,1.906898499372342848e-01
2.629999999999999893e+00,1.209373814316183904e-01,-7.282794225720948256e-02,1.937653236888278729e-01
2.640000000000000124e+00,1.237255051631988012e-01,-7.282955288336873112e-02,1.965550580465675323e-01
2.649999999999999911e+00,1.264780820670871886e-01,-7.280429441781136046e-02,1.992823764848985491e-01
2.660000000000000142e+00,1.292181904420069138e-01,-7.292499629180088094e-02,2.021431867338077948e-01
2.669999999999999929e+00,1.319494134117229212e-01,-7.324140087716035641e-02,2.051908142888832776e-01
2.680000000000000160e+00,1.346439226977740600e-01,-7.378325135252890299e-02,2.084271740503029768e-01
2.689999999999999947e+00,1.372370261695838312e-01,-7.448771132915635307e-02,2.117247374987401842e-01
2.700000000000000178e+00,1.396434506870323777e-01,-7.520133523525371344e-02,2.148447859222860912e-01
2.709999999999999964e+00,1.418438828038259270e-01,-7.564270822497023983e-02,2.174865910287961668e-01
2.720000000000000195e+00,1.438595645491797248e-01,-7.555676321071554125e-02,2.194163277598952799e-01
2.729999999999999982e+00,1.456425471340694888e-01,-7.493888098924940400e-02,2.205814281233188789e-01
2.740000000000000213e+00,1.472118713372424781e-01,-7.392626435732781165e-02,2.211381356945703036e-01
2.750000000000000000e+00,1.486667649743116937e-01,-7.254484690575767336e-02,2.212116118800693809e-01
2.760000000000000231e+00,1.500403115490296924e-01,-7.098760066777497213e-02,2.210279122168046784e-01
2.770000000000000018e+00,1.513257633362712073e-01,-6.961695106286908130e-02,2.209427143991402887e-01
2.780000000000000249e+00,1.524976313957670249e-01,-6.857660930291352430e-02,2.210742406986805353e-01
2.790000000000000036e+00,1.535071020535650754e-01,-6.781252913174028174e-02,2.213196311853053433e-01
2.800000000000000266e+00,1.543486076890230319e-01,-6.712236069981235287e-02,2.214709683888353986e-01
2.810000000000000053e+00,1.550234635596632882e-01,-6.628824811683045604e-02,2.213117116764937442e-01
2.819999999999999840e+00,1.555129157700833598e-01,-6.523427379168518503e-02,2.207471895617685309e-01
2.830000000000000071e+00,1.558787119304063939e-01,-6.395050569109236860e-02,2.198292176214987625e-01
2.839999999999999858e+00,1.561178947157687291e-01,-6.248514288377785691e-02,2.186030375995465791e-01
2.850000000000000089e+00,1.561994070577982785e-01,-6.102508026576822925e-02,2.172244873235665008e-01
2.859999999999999876e+00,1.561256800297005087e-01,-5.960819277514155246e-02,2.157338728048420751e-01
2.870000000000000107e+00,1.559247198340416585e-01,-5.814806311687697321e-02,2.140727829509186386e-01
2.879999999999999893e+00,1.556174002142191870e-01,-5.663053158972641138e-02,2.122479318039456053e-01
2.890000000000000124e+00,1.552277993666854039e-01,-5.513282502456190448e-02,2.103606243912473084e-01
2.899999999999999911e+00,1.547469663693893938e-01,-5.372473948833010604e-02,2.084717058577195137e-01
2.910000000000000142e+00,1.541678931809397080e-01,-5.245105772267765615e-02,2.066189509036173710e-01
2.919999999999999929e+00,1.534521519447888116e-01,-5.127304741549182365e-02,2.047251993602806353e-01
2.930000000000000160e+00,1.525883919946852685e-01,-5.009490225625668619e-02,2.026832942509419477e-01
2.939999999999999947e+00,1.516358711064259013e-01,-4.876493939808983907e-02,2.004008105045157473e-01
2.950000000000000178e+00,1.506396880899456281e-01,-4.726566247622647488e-02,1.979053505661720891e-01
2.959999999999999964e+00,1.496359733170789519e-01,-4.578256945376078108e-02,1.954185427708397260e-01
2.970000000000000195e+00,1.486534468668783693e-01,-4.449799808396193851e-02,1.931514449508403009e-01
2.979999999999999982e+00,1.477050938434079363e-01,-4.353229268592120199e-02,1.912373865293291453e-01
2.990000000000000213e+00,1.467798128688979353e-01,-4.291814465374302334e-02,1.896979575226409587e-01
3.000000000000000000e+00,1.458651036937433920e-01,-4.261708414348758939e-02,1.884821878372309745e-01
3.010000000000000231e+00,1.449794111782333750e-01,-4.248040607454053180e-02,1.874598172527739137e-01
3.020000000000000018e+00,1.441177475821962817e-01,-4.240177523971635359e-02,1.865195228219126422e-01
3.030000000000000249e+00,1.432843374290986016e-01,-4.236424487970378433e-02,1.856485823088023790e-01
3.040000000000000036e+00,1.425140277403753319e-01,-4.234369214268943193e-02,1.848577198830647639e-01
3.050000000000000266e+00,1.418208724986956271e-01,-4.234380341071677933e-02,1.841646759094124064e-01
3.060000000000000053e+00,1.411946374121459125e-01,-4.248036100911323915e-02,1.836749984212591447e-01
3.070000000000000284e+00,1.406061420323893030e-01,-4.277101381567864624e-02,1.833771558480679631e-01
3.080000000000000071e+00,1.400192692831512820e-01,-4.317199178175015750e-02,1.831912610649014395e-01
3.089999999999999858e+00,1.394365282715140653e-01,-4.353585334994714007e-02,1.829723816214612053e-01
3.100000000000000089e+00,1.388586363821914804e-01,-4.374540783033355890e-02,1.826040442125250463e-01
3.109999999999999876e+00,1.382882104358892361e-01,-4.379169412035441994e-02,1.820799045562436491e-01
3.120000000000000107e+00,1.376812085823314047e-01,-4.373184045829103112e-02,1.814130490406224427e-01
3.129999999999999893e+00,1.370274285102188461e-01,-4.358991987284533548e-02,1.806173483830641746e-01
3.140000000000000124e+00,1.363926737027068292e-01,-4.328312838189687234e-02,1.796758020846037085e-01
3.149999999999999911e+00,1.358341204885573639e-01,-4.283326204047533531e-02,1.786673825290326922e-01
3.160000000000000142e+00,1.353725055036976987e-01,-4.247542723260239877e-02,1.778479327363000906e-01
3.169999999999999929e+00,1.350304402450695773e-01,-4.241579233535871379e-02,1.774462325804282981e-01
3.180000000000000160e+00,1.348602541776863228e-01,-4.272532888627157688e-02,1.775855830639578858e-01
3.189999999999999947e+00,1.348707283626333353e-01,-4.343767684991633321e-02,1.783084052125496755e-01
3.200000000000000178e+00,1.350430713851539233e-01,-4.458672797707996516e-02,1.796297993622338884e-01
3.209999999999999964e+00,1.353759840380001633e-01,-4.610444807913682830e-02,1.814804321171369916e-01
3.220000000000000195e+00,1.358690441412150618e-01,-4.784405328991225143e-02,1.837130974311273202e-01
3.229999999999999982e+00,1.366141620037871762e-01,-4.967988875338803789e-02,1.862940507571752002e-01
3.240000000000000213e+00,1.376280002100970512e-01,-5.161956323562368748e-02,1.892475634457207456e-01
3.250000000000000000e+00,1.389185532172446114e-01,-5.387981741421347948e-02,1.927983706314581047e-01
3.260000000000000231e+00,1.403908884473768215e-01,-5.652398953385341651e-02,1.969148779812302519e-01
3.270000000000000018e+00,1.419824907328171293e-01,-5.948501783523230807e-02,2.014675085680494304e-01
3.280000000000000249e+00,1.436810886938657827e-01,-6.239980758234421609e-02,2.060808962762100127e-01
3.290000000000000036e+00,1.454614342049314890e-01,-6.501140239880959237e-02,2.104728366037410814e-01
3.300000000000000266e+00,1.473544549393861758e-01,-6.726361265031380321e-02,2.146180675896999790e-01
3.310000000000000053e+00,1.493605360983887853e-01,-6.919099106575872515e-02,2.185515271641474966e-01
3.320000000000000284e+00,1.514438015441393615e-01,-7.099509460363789826e-02,2.224388961477772597e-01
3.330000000000000071e+00,1.536131177101764389e-01,-7.275011522852968537e-02,2.263632329387061382e-01
3.339999999999999858e+00,1.557854272936174955e-01,-7.445746836876396269e-02,2.302428956623814582e-01
3.350000000000000089e+00,1.579143754983484971e-01,-7.610119786802049813e-02,2.340155733663689952e-01
3.359999999999999876e+00,1.600148099267776625e-01,-7.747736896744523982e-02,2.374921788942229162e-01
3.370000000000000107e+00,1.620468203022074061e-01,-7.847417118379602929e-02,2.405209914860034215e-01
3.379999999999999893e+00,1.639999008446215711e-01,-7.916296802761961515e-02,2.431628688722412002e-01
3.390000000000000124e+00,1.658499829735543551e-01,-7.954372998618758350e-02,2.453937129597419387e-01
3.399999999999999911e+00,1.676196299213713603e-01,-7.965544137132123115e-02,2.472750712926926053e-01
3.410000000000000142e+00,1.693221895247449538e-01,-7.953062845803864078e-02,2.488528179827835807e-01
3.419999999999999929e+00,1.709491285051293052e-01,-7.929947684234908700e-02,2.502486053474783922e-01
3.430000000000000160e+00,1.724558217753549005e-01,-7.905764809794775527e-02,2.515134698733026419e-01
3.439999999999999947e+00,1.737896282756430377e-01,-7.880206451349432151e-02,2.525916927891373454e-01
3.450000000000000178e+00,1.748885232697851011e-01,-7.838893677396596704e-02,2.532774600437510681e-01
3.459999999999999964e+00,1.757570907675052030e-01,-7.763032194026917021e-02,2.533874127077743732e-01
3.470000000000000195e+00,1.764043771904587332e-01,-7.638488527756562285e-02,2.527892624680243561e-01
3.479999999999999982e+00,1.768640480274375482e-01,-7.471484503343071848e-02,2.515788930608682805e-01
3.490000000000000213e+00,1.771222851306151480e-01,-7.277808252599378414e-02,2.499003676566089460e-01
3.500000000000000000e+00,1.771586299792380637e-01,-7.076319945586370674e-02,2.479218294351017704e-01
3.510000000000000231e+00,1.769951812403724734e-01,-6.869571381911163122e-02,2.456908950594841046e-01
3.520000000000000018e+00,1.766461602212905380e-01,-6.653817072133182131e-02,2.431843309426223732e-01
3.530000000000000249e+00,1.760503722564604745e-01,-6.435870567660885444e-02,2.404090779330693151e-01
3.540000000000000036e+00,1.752125973574162887e-01,-6.215785026682711656e-02,2.373704476242434191e-01
3.550000000000000266e+00,1.741416063240799894e-01,-5.977206856432847049e-02,2.339136748884084738e-01
3.560000000000000053e+00,1.728550299384264688e-01,-5.719836190792852021e-02,2.300533918463549821e-01
3.570000000000000284e+00,1.713314427553341845e-01,-5.447867448311899397e-02,2.258101172384531785e-01
3.580000000000000071e+00,1.695601335887782501e-01,-5.168502349431728510e-02,2.212451570830955283e-01
3.589999999999999858e+00,1.675801154818777894e-01,-4.877623645064459862e-02,2.163563519325223949e-01
3.600000000000000089e+00,1.654407482493075732e-01,-4.574070533044857778e-02,2.111814535797561510e-01
3.609999999999999876e+00,1.630758875946688169e-01,-4.272005237378135450e-02,2.057959399684501645e-01
3.620000000000000107e+00,1.603963525863427164e-01,-3.982082341941000497e-02,2.002171760057527283e-01
3.629999999999999893e+00,1.573892026222150353e-01,-3.682174695052414098e-02,1.942109495727391832e-01
3.640000000000000124e+00,1.540923522595250839e-01,-3.342755924700126918e-02,1.875199115065263600e-01
3.649999999999999911e+00,1.505453872938901094e-01,-2.958493684581367175e-02,1.801303241397037846e-01
3.660000000000000142e+00,1.467811634772296925e-01,-2.546818029939988681e-02,1.722493437766295932e-01
3.669999999999999929e+00,1.428169907821502382e-01,-2.131031567324979253e-02,1.641273064554000238e-01
3.680000000000000160e+00,1.386866842233191177e-01,-1.726450110751569580e-02,1.559511853308348239e-01
3.689999999999999947e+00,1.343816634889075101e-01,-1.341309405159505329e-02,1.477947575405025582e-01
3.700000000000000178e+00,1.299681900975990512e-01,-9.780583258651318057e-03,1.397487733562503553e-01
3.709999999999999964e+00,1.253851792153956868e-01,-6.332691056366130181e-03,1.317178702717618222e-01
3.720000000000000195e+00,1.205820953522007827e-01,-3.121273737495102677e-03,1.237033690896958832e-01
3.729999999999999982e+00,1.155812293640903765e-01,1.059556085017892239e-04,1.154752737555885811e-01
3.740000000000000213e+00,1.103906599045326037e-01,3.551140136097933643e-03,1.068395197684346709e-01
3.750000000000000000e+00,1.050643355065780937e-01,7.199371462395827773e-03,9.786496404418226769e-02
3.760000000000000231e+00,9.964832507119232574e-02,1.097399401236235847e-02,8.867433105882996380e-02
3.770000000000000018e+00,9.414464056353975818e-02,1.466100565456254952e-02,7.948363490897721040e-02
3.780000000000000249e+00,8.858619709487733362e-02,1.811466734856567729e-02,7.047152974631165634e-02
3.790000000000000036e+00,8.299557783182029413e-02,2.132115018710357621e-02,6.167442764471671446e-02
3.800000000000000266e+00,7.737146108854627002e-02,2.425371615927957719e-02,5.311774492926669283e-02
3.810000000000000053e+00,7.172873037410995578e-02,2.693134592560680191e-02,4.479738444850315388e-02
3.820000000000000284e+00,6.606273170350859814e-02,2.942388347662929296e-02,3.663884822687930864e-02
3.830000000000000071e+00,6.036937278155075914e-02,3.177889721413505036e-02,2.859047556741570878e-02
3.839999999999999858e+00,5.463807982001409741e-02,3.406774171617998198e-02,2.057033810383411543e-02
3.850000000000000089e+00,4.886560232993933384e-02,3.634538257655792193e-02,1.252021975338141191e-02
3.859999999999999876e+00,4.308350698648185512e-02,3.867944480898500431e-02,4.404062177496850805e-03
3.870000000000000107e+00,3.738741326327014308e-02,4.107534212979287169e-02,-3.687928866522728610e-03
3.879999999999999893e+00,3.185793235463605516e-02,4.339741156798522514e-02,-1.153947921334916998e-02
3.890000000000000124e+00,2.651699183252559031e-02,4.533269711902201266e-02,-1.881570528649642235e-02
3.899999999999999911e+00,2.136574272511958944e-02,4.665120638218636651e-02,-2.528546365706677707e-02
3.910000000000000142e+00,1.639361355884999191e-02,4.735821881679991990e-02,-3.096460525794992799e-02
3.919999999999999929e+00,1.157127179514197066e-02,4.758931988600857005e-02,-3.601804809086660286e-02
3.930000000000000160e+00,6.887671497888834919e-03,4.755985172841279557e-02,-4.067218023052396325e-02
3.939999999999999947e+00,2.332987101373914813e-03,4.747915717777879963e-02,-4.514617007640488178e-02
3.950000000000000178e+00,-2.140538127328158423e-03,4.745790672434489071e-02,-4.959844485167305000e-02
3.959999999999999964e+00,-6.511382031328799384e-03,4.756009870351891183e-02,-5.407148073484770862e-02
3.970000000000000195e+00,-1.077744665485185112e-02,4.786969583524453009e-02,-5.864714249009637947e-02
3.979999999999999982e+00,-1.496966423138980547e-02,4.830666457193300012e-02,-6.327632880332280385e-02
3.990000000000000213e+00,-1.910092477409687170e-02,4.880140646009585581e-02,-6.790233123419273098e-02
4.000000000000000000e+00,-2.317790965506152934e-02,4.939197155477637741e-02,-7.256988120983789980e-02
4.009999999999999787e+00,-2.716479443853417677e-02,5.009019832694094204e-02,-7.725499276547512228e-02
4.020000000000000462e+00,-3.105483995431333744e-02,5.086427108866969221e-02,-8.191911104298302271e-02
4.030000000000000249e+00,-3.486259336823957500e-02,5.158489631056086683e-02,-8.644748967880044876e-02
4.040000000000000036e+00,-3.854603793771761711e-02,5.220498914416885072e-02,-9.075102708188646783e-02
4.049999999999999822e+00,-4.205838810669186578e-02,5.273435392254725157e-02,-9.479274202923912429e-02
4.060000000000000497e+00,-4.540294892699618667e-02,5.306337803995583857e-02,-9.846632696695202525e-02
4.070000000000000284e+00,-4.858198645814025551e-02,5.307548198711552201e-02,-1.016574684452557775e-01
4.080000000000000071e+00,-5.157350363738454763e-02,5.281609812635558454e-02,-1.043896017637401252e-01
4.089999999999999858e+00,-5.438782980685222257e-02,5.233245331468321104e-02,-1.067202831215354336e-01
4.099999999999999645e+00,-5.700176367215514101e-02,5.165815375267181903e-02,-1.086599174248269600e-01
4.110000000000000320e+00,-5.941557263113884241e-02,5.083954585670173026e-02,-1.102551184878405727e-01
4.120000000000000107e+00,-6.165985966691417408e-02,4.985893081145411493e-02,-1.115187904783682959e-01
4.129999999999999893e+00,-6.372966751463247925e-02,4.875495522431682466e-02,-1.124846227389492970e-01
4.139999999999999680e+00,-6.564103353681299824e-02,4.762812283341476272e-02,-1.132691563702277610e-01
4.150000000000000355e+00,-6.747023376566206598e-02,4.649370323504710412e-02,-1.139639370007091701e-01
4.160000000000000142e+00,-6.929526469622934726e-02,4.542552010451716277e-02,-1.147207848007465170e-01
4.169999999999999929e+00,-7.113550205765815926e-02,4.465215873923220752e-02,-1.157876607968903737e-01
4.179999999999999716e+00,-7.297407214322203239e-02,4.437810395189252521e-02,-1.173521760951145576e-01
4.190000000000000391e+00,-7.481164488107652777e-02,4.457726639058472162e-02,-1.193889112716612494e-01
4.200000000000000178e+00,-7.661636996174439607e-02,4.508969103588667676e-02,-1.217060609976310659e-01
4.209999999999999964e+00,-7.838621301088942450e-02,4.574677454792883818e-02,-1.241329875588182696e-01
4.219999999999999751e+00,-8.017139448385150746e-02,4.635615936164096118e-02,-1.265275538454924686e-01
4.230000000000000426e+00,-8.195734935662363219e-02,4.689343759097687470e-02,-1.288507869476004930e-01
4.240000000000000213e+00,-8.376046641200508847e-02,4.746742866018888174e-02,-1.312278950721939563e-01
4.250000000000000000e+00,-8.555147208481334031e-02,4.809032170066603745e-02,-1.336417937854793847e-01
4.259999999999999787e+00,-8.737328663052960909e-02,4.877237712493960597e-02,-1.361456637554692151e-01
4.270000000000000462e+00,-8.928009505323079853e-02,4.945117349945595681e-02,-1.387312685526867484e-01
4.280000000000000249e+00,-9.134332170353748337e-02,5.024114140418502877e-02,-1.415844631077225191e-01
4.290000000000000036e+00,-9.355987684205376020e-02,5.133655543398048249e-02,-1.448964322760342427e-01
4.299999999999999822e+00,-9.597251459810436647e-02,5.289387868216249844e-02,-1.488663932802668510e-01
4.310000000000000497e+00,-9.855580238532622717e-02,5.490092120303648182e-02,-1.534567235883627090e-01
4.320000000000000284e+00,-1.013224878127065159e-01,5.733385108526851265e-02,-1.586563388979750355e-01
4.330000000000000071e+00,-1.042441569078899760e-01,6.002890790694070944e-02,-1.642730648148306716e-01
4.339999999999999858e+00,-1.072478348030468098e-01,6.289769023792521341e-02,-1.701455250409720232e-01
4.350000000000000533e+00,-1.102727661453049429e-01,6.576617810929930030e-02,-1.760389442546042571e-01
4.360000000000000320e+00,-1.132840041379031132e-01,6.837023231425734537e-02,-1.816542364521604447e-01
4.370000000000000107e+00,-1.162500958498537545e-01,7.051563840447447329e-02,-1.867657342543282417e-01
4.379999999999999893e+00,-1.191469730035322749e-01,7.215036925566603587e-02,-1.912973422591983108e-01
4.389999999999999680e+00,-1.219775324186151422e-01,7.330117618041154248e-02,-1.952787085990266847e-01
4.400000000000000355e+00,-1.247385194924881396e-01,7.403924891255950214e-02,-1.987777684050476279e-01
4.410000000000000142e+00,-1.273903083926933855e-01,7.450947896057910635e-02,-2.018997873532724918e-01
4.419999999999999929e+00,-1.298903420592558144e-01,7.479915141956310076e-02,-2.046894934788189291e-01
4.429999999999999716e+00,-1.321604134130370256e-01,7.486694066477188325e-02,-2.070273540778089227e-01
4.440000000000000391e+00,-1.341380048984595896e-01,7.460169969538725521e-02,-2.087397045938468310e-01
4.450000000000000178e+00,-1.358237591271618250e-01,7.380831274458779512e-02,-2.096320718717496201e-01
4.459999999999999964e+00,-1.372170632111446853e-01,7.237191328157956127e-02,-2.095889764927242327e-01
4.469999999999999751e+00,-1.383298760784375803e-01,7.039226827472271075e-02,-2.087221443531602771e-01
4.480000000000000426e+00,-1.391394603738412283e-01,6.803032347282089720e-02,-2.071697838466621255e-01
4.490000000000000213e+00,-1.396287425671235705e-01,6.544679330355715474e-02,-2.050755358706807252e-01
4.500000000000000000e+00,-1.398801426243747592e-01,6.265555963158969677e-02,-2.025357022559644560e-01
4.509999999999999787e+00,-1.400064747415737942e-01,5.968613734509090052e-02,-1.996926120866646948e-01
4.520000000000000462e+00,-1.399740899605581568e-01,5.684502432855690485e-02,-1.968191142891150547e-01
4.530000000000000249e+00,-1.397383239877174887e-01,5.445622297392928995e-02,-1.941945469616467856e-01
4.540000000000000036e+00,-1.393444500940531072e-01,5.238231496941701121e-02,-1.917267650634701115e-01
4.549999999999999822e+00,-1.387861406674914533e-01,5.040554133194562192e-02,-1.891916819994370891e-01
4.560000000000000497e+00,-1.380169010073888647e-01,4.850311009980843441e-02,-1.865200111071972922e-01
4.570000000000000284e+00,-1.370626149729396170e-01,4.658358493066203088e-02,-1.836461999036016479e-01
4.580000000000000071e+00,-1.359478087912260325e-01,4.449850625261176501e-02,-1.804463150438377905e-01
4.589999999999999858e+00,-1.347479627473326669e-01,4.229710563769287224e-02,-1.770450683850255391e-01
4.600000000000000533e+00,-1.334703353682248073e-01,4.009505291566701352e-02,-1.735653882838918138e-01
4.610000000000000320e+00,-1.320552398677651562e-01,3.814026060269792157e-02,-1.701955004704630847e-01
4.620000000000000107e+00,-1.305361827711572775e-01,3.640768583443731304e-02,-1.669438686055945975e-01
4.629999999999999893e+00,-1.289279480710480430e-01,3.471543423467068207e-02,-1.636433823057187320e-01
4.639999999999999680e+00,-1.272578514952738549e-01,3.304777637824535264e-02,-1.603056278735192075e-01
4.650000000000000355e+00,-1.255714250078460159e-01,3.144011181033552760e-02,-1.570115368181815296e-01
4.660000000000000142e+00,-1.239486829470549528e-01,2.995390692258926083e-02,-1.539025898696442241e-01
4.669999999999999929e+00,-1.224181444944029973e-01,2.874594979374608603e-02,-1.511640942881490868e-01
4.679999999999999716e+00,-1.209396518189496950e-01,2.801344746055417848e-02,-1.489530992795038700e-01
4.690000000000000391e+00,-1.194608292096819291e-01,2.776214594882019104e-02,-1.472229751585021340e-01
4.700000000000000178e+00,-1.180032566134235489e-01,2.773766452509750582e-02,-1.457409211385210512e-01
4.709999999999999964e+00,-1.165216390493333670e-01,2.768145187084482262e-02,-1.442030909201781896e-01
4.719999999999999751e+00,-1.150124674219682452e-01,2.753404135412945708e-02,-1.425465087760977023e-01
4.730000000000000426e+00,-1.135612291906646781e-01,2.715849962754262464e-02,-1.407197288182072958e-01
4.740000000000000213e+00,-1.122209101634213529e-01,2.662138627127250134e-02,-1.388422964346938682e-01
4.750000000000000000e+00,-1.110257751188521158e-01,2.621467351855454736e-02,-1.372404486374066701e-01
4.759999999999999787e+00,-1.099771420835146396e-01,2.617384541312500409e-02,-1.361509874966396472e-01
4.770000000000000462e+00,-1.090493835886913315e-01,2.659156287562822185e-02,-1.356409464643195673e-01
4.780000000000000249e+00,-1.082253191240498402e-01,2.738871750423557336e-02,-1.356140366282854171e-01
4.790000000000000036e+00,-1.074784793512516684e-01,2.836565222083091420e-02,-1.358441315720825826e-01
4.799999999999999822e+00,-1.067656759297786334e-01,2.937036223527121626e-02,-1.361360381650498497e-01
4.810000000000000497e+00,-1.060300116094713418e-01,3.024462099450797234e-02,-1.362746326039793177e-01
4.820000000000000284e+00,-1.052225192297931711e-01,3.084705514459962217e-02,-1.360695743743927932e-01
4.830000000000000071e+00,-1.042993962635590799e-01,3.101628917062226876e-02,-1.353156854341813486e-01
4.839999999999999858e+00,-1.032530900209083224e-01,3.067019627991605241e-02,-1.339232863008243679e-01
4.850000000000000533e+00,-1.020864712786776207e-01,2.978600948996465436e-02,-1.318724807686422751e-01
4.860000000000000320e+00,-1.008593138203616735e-01,2.847091131604828976e-02,-1.293302251364099598e-01
4.870000000000000107e+00,-9.958833115857548823e-02,2.690939455525564322e-02,-1.264977257138311384e-01
4.879999999999999893e+00,-9.826902769524777093e-02,2.537925249988958604e-02,-1.236482801951373500e-01
4.889999999999999680e+00,-9.689692352040621404e-02,2.401317041575424388e-02,-1.209100939361604510e-01
4.900000000000000355e+00,-9.544267595670001547e-02,2.281272892023962495e-02,-1.182554048769396404e-01
4.910000000000000142e+00,-9.390323658865418199e-02,2.168991981549770950e-02,-1.155931564041518950e-01
4.919999999999999929e+00,-9.231454484632221902e-02,2.051491062800541235e-02,-1.128294554743276279e-01
4.929999999999999716e+00,-9.069914770069384402e-02,1.925878632423402848e-02,-1.099579340249278725e-01
4.940000000000000391e+00,-8.902578601182681295e-02,1.802227112474037024e-02,-1.070480571365671763e-01
4.950000000000000178e+00,-8.725844503343690994e-02,1.687477976894081674e-02,-1.041332248023777302e-01
4.959999999999999964e+00,-8.537167383569234380e-02,1.571724647899971558e-02,-1.010889203146920629e-01
4.969999999999999751e+00,-8.334804703622429589e-02,1.440820662008625123e-02,-9.775625365631054886e-02
4.980000000000000426e+00,-8.114959329922397102e-02,1.285334130802794766e-02,-9.400293460725192562e-02
4.990000000000000213e+00,-7.880630288329519562e-02,1.100572257823189022e-02,-8.981202546152708410e-02
5.000000000000000000e+00,-7.639707711108649490e-02,8.824173121086142241e-03,-8.522125023217264062e-02
5.009999999999999787e+00,-7.402570712274572640e-02,6.481450950100288953e-03,-8.050715807284601622e-02
5.020000000000000462e+00,-7.179975676025260323e-02,4.328014718611171256e-03,-7.612777147886377882e-02
5.030000000000000249e+00,-6.983654137154715613e-02,2.744042650300082802e-03,-7.258058402184723590e-02
5.040000000000000036e+00,-6.821656810414178373e-02,2.062226905992517022e-03,-7.027879501013430119e-02
5.049999999999999822e+00,-6.691687096935980406e-02,2.531419446615633395e-03,-6.944829041597544439e-02
5.060000000000000497e+00,-6.590663494637361008e-02,4.146849277359523564e-03,-7.005348422373312844e-02
5.070000000000000284e+00,-6.519801474770403615e-02,6.560156180946025671e-03,-7.175817092865005575e-02
5.080000000000000071e+00,-6.474040856343118988e-02,9.391607909809840046e-03,-7.413201647324102472e-02
5.089999999999999858e+00,-6.447041678292884936e-02,1.242467915022480059e-02,-7.689509593315364822e-02
5.100000000000000533e+00,-6.439827309089261875e-02,1.537118904792224641e-02,-7.976946213881486170e-02
5.110000000000000320e+00,-6.451679632945118981e-02,1.802561066196398110e-02,-8.254240699141517090e-02
5.120000000000000107e+00,-6.483033300364166029e-02,2.042758109333859054e-02,-8.525791409698024736e-02
5.129999999999999893e+00,-6.535023570916900781e-02,2.265691990576544287e-02,-8.800715561493445416e-02
5.139999999999999680e+00,-6.609711988351259226e-02,2.482505070869007666e-02,-9.092217059220267239e-02
5.150000000000000355e+00,-6.707023823788930972e-02,2.705106583909429319e-02,-9.412130407698360290e-02
5.160000000000000142e+00,-6.819095133040217749e-02,2.944593647840945336e-02,-9.763688780881163432e-02
5.169999999999999929e+00,-6.939030204023440007e-02,3.198675573123249682e-02,-1.013770577714668969e-01
5.179999999999999716e+00,-7.065009564338861625e-02,3.439967817530634880e-02,-1.050497738186949581e-01
5.190000000000000391e+00,-7.195987458413202753e-02,3.646988282802712117e-02,-1.084297574121591556e-01
5.200000000000000178e+00,-7.330677123032242060e-02,3.814503753758196475e-02,-1.114518087679043923e-01
5.209999999999999964e+00,-7.464684275326502472e-02,3.949435476317656596e-02,-1.141411975164415837e-01
5.219999999999999751e+00,-7.598890907061602029e-02,4.057224621114529500e-02,-1.165611552817613084e-01
5.230000000000000426e+00,-7.738811004308052133e-02,4.136848237596520844e-02,-1.187565924190457367e-01
5.240000000000000213e+00,-7.883612896527635028e-02,4.201693774945036014e-02,-1.208530667147267035e-01
5.250000000000000000e+00,-8.026586002476290838e-02,4.273789145287270469e-02,-1.230037514776356200e-01
5.259999999999999787e+00,-8.167428684520955384e-02,4.353884328561902217e-02,-1.252131301308285760e-01
5.270000000000000462e+00,-8.309829310896327259e-02,4.424654607870472101e-02,-1.273448391876679797e-01
5.280000000000000249e+00,-8.457915983461346265e-02,4.481399001053218423e-02,-1.293931498451456608e-01
5.290000000000000036e+00,-8.611315449454211290e-02,4.539526798081468251e-02,-1.315084224753567954e-01
5.299999999999999822e+00,-8.769973054974200544e-02,4.613527402678357925e-02,-1.338350045765255847e-01
5.310000000000000497e+00,-8.929446245687346073e-02,4.705849295312895808e-02,-1.363529554100024188e-01
5.320000000000000284e+00,-9.089281736266023592e-02,4.810666226347670021e-02,-1.389994796261369292e-01
5.330000000000000071e+00,-9.246558042168098734e-02,4.913007031542297037e-02,-1.415956507371039508e-01
5.339999999999999858e+00,-9.397994056439579191e-02,5.004157474559201013e-02,-1.440215153099878020e-01
5.350000000000000533e+00,-9.541149534997081516e-02,5.075691895413853710e-02,-1.461684143041093453e-01
5.360000000000000320e+00,-9.678545215908707089e-02,5.118403125066166293e-02,-1.479694834097487477e-01
5.370000000000000107e+00,-9.814276410416526708e-02,5.132254996309265627e-02,-1.494653140672579372e-01
5.379999999999999893e+00,-9.951202428024980007e-02,5.131254756672835871e-02,-1.508245718469781727e-01
5.389999999999999680e+00,-1.008219518065062020e-01,5.138131624891737609e-02,-1.522032680554235851e-01
5.400000000000000355e+00,-1.020683830415092391e-01,5.161048071754982536e-02,-1.536788637590590645e-01
5.410000000000000142e+00,-1.032579662135507947e-01,5.181377111163297522e-02,-1.550717373251837561e-01
5.419999999999999929e+00,-1.043802462467608577e-01,5.191546942167925283e-02,-1.562957156684401105e-01
5.429999999999999716e+00,-1.054303497622448571e-01,5.191831528808115576e-02,-1.573486650503260198e-01
5.440000000000000391e+00,-1.064129119013779851e-01,5.181373778568985206e-02,-1.582266496870678441e-01
5.450000000000000178e+00,-1.073398869345628670e-01,5.160570213053658484e-02,-1.589455890650994518e-01
5.459999999999999964e+00,-1.082473899921068267e-01,5.133858554429929222e-02,-1.595859755364061328e-01
5.469999999999999751e+00,-1.091411962774658656e-01,5.108258512254262862e-02,-1.602237814000084803e-01
5.480000000000000426e+00,-1.100787027573911225e-01,5.095681914308324012e-02,-1.610355219004743765e-01
5.490000000000000213e+00,-1.110930190104363058e-01,5.101240522918116388e-02,-1.621054242396174627e-01
5.500000000000000000e+00,-1.122324669374249184e-01,5.138998384353660881e-02,-1.636224507809615203e-01
5.509999999999999787e+00,-1.135601915730847372e-01,5.217237833257463292e-02,-1.657325699056593771e-01
5.520000000000000462e+00,-1.150867769111469791e-01,5.354951557748032637e-02,-1.686362924886272985e-01
5.530000000000000249e+00,-1.168015498840398736e-01,5.568677752719996404e-02,-1.724883274112398446e-01
5.540000000000000036e+00,-1.186920592263235319e-01,5.850027760959589096e-02,-1.771923368359194229e-01
5.549999999999999822e+00,-1.207932227221527738e-01,6.179083336106951097e-02,-1.825840560832222847e-01
5.560000000000000497e+00,-1.230901890287432465e-01,6.537992628200631207e-02,-1.884701153107495586e-01
5.570000000000000284e+00,-1.255653751222565451e-01,6.926637008358510483e-02,-1.948317452058416499e-01
5.580000000000000071e+00,-1.282445472698124644e-01,7.333882922445193742e-02,-2.015833764942643880e-01
5.589999999999999858e+00,-1.311388855995493929e-01,7.753993613288195919e-02,-2.086788217324313521e-01
5.600000000000000533e+00,-1.341939353423858006e-01,8.194313676657463685e-02,-2.161370721089604374e-01
5.610000000000000320e+00,-1.373764655963891079e-01,8.657418612878582664e-02,-2.239506517251749207e-01
5.620000000000000107e+00,-1.406551065024072289e-01,9.127819045969902401e-02,-2.319332969621062390e-01
5.629999999999999893e+00,-1.440359007603769503e-01,9.591407015500821864e-02,-2.399499709153851690e-01
5.639999999999999680e+00,-1.475381777051219812e-01,1.004104418950442917e-01,-2.479486196001662868e-01
5.650000000000000355e+00,-1.511175116446415445e-01,1.048438592455663287e-01,-2.559613708902078733e-01
5.660000000000000142e+00,-1.547551749722183290e-01,1.093478762139372812e-01,-2.641030511861556240e-01
5.669999999999999929e+00,-1.584670227932469810e-01,1.138453174807932539e-01,-2.723123402740402210e-01
5.679999999999999716e+00,-1.622900604318057993e-01,1.183005795189009113e-01,-2.805906399507067106e-01
5.690000000000000391e+00,-1.661931511877870471e-01,1.228507387651129878e-01,-2.890438899529000349e-01
5.700000000000000178e+00,-1.701278652931390301e-01,1.276648973372369322e-01,-2.977927626303759623e-01
5.709999999999999964e+00,-1.741515287097298303e-01,1.326389342602265486e-01,-3.067904629699563790e-01
5.719999999999999751e+00,-1.782129939239974759e-01,1.376517206959912698e-01,-3.158647146199887734e-01
5.730000000000000426e+00,-1.822528076199028402e-01,1.428525209394737316e-01,-3.251053285593765718e-01
5.740000000000000213e+00,-1.862418847607191785e-01,1.480652668914379522e-01,-3.343071516521571307e-01
5.750000000000000000e+00,-1.901623043647409639e-01,1.530470700759815617e-01,-3.432093744407225255e-01
5.759999999999999787e+00,-1.940483068415360390e-01,1.576783793591125249e-01,-3.517266862006485639e-01
5.770000000000000462e+00,-1.979011837029142074e-01,1.620012480436643643e-01,-3.599024317465785439e-01
5.780000000000000249e+00,-2.017202252817703600e-01,1.662713634287563691e-01,-3.679915887105267291e-01
5.790000000000000036e+00,-2.055195532422387783e-01,1.706367570319519966e-01,-3.761563102741907749e-01
5.799999999999999822e+00,-2.092889574385814466e-01,1.751855928591002642e-01,-3.844745502976817386e-01
5.810000000000000497e+00,-2.129954390428137334e-01,1.801047645345162096e-01,-3.931002035773299430e-01
5.820000000000000284e+00,-2.166649048649356701e-01,1.853975451662940865e-01,-4.020624500312297567e-01
5.830000000000000071e+00,-2.202592854143848033e-01,1.909391772149191813e-01,-4.111984626293039846e-01
5.839999999999999858e+00,-2.237131359730819002e-01,1.967592253555638382e-01,-4.204723613286457384e-01
5.850000000000000533e+00,-2.270018259844572284e-01,2.026252340404076646e-01,-4.296270600248648930e-01
5.860000000000000320e+00,-2.300979116086482590e-01,2.081893135694829478e-01,-4.382872251781312345e-01
5.870000000000000107e+00,-2.330067876791289128e-01,2.132886996108076250e-01,-4.462954872899365100e-01
5.879999999999999893e+00,-2.357230182752054759e-01,2.178964501101592621e-01,-4.536194683853647103e-01
5.889999999999999680e+00,-2.382517275814766966e-01,2.221590241005974853e-01,-4.604107516820741819e-01
5.900000000000000355e+00,-2.406274006214836614e-01,2.262241038158590567e-01,-4.668515044373426903e-01
5.910000000000000142e+00,-2.429030757616324754e-01,2.302996647255459717e-01,-4.732027404871784748e-01
5.919999999999999929e+00,-2.451024007294432538e-01,2.347182204824968532e-01,-4.798206212119401348e-01
5.929999999999999716e+00,-2.472206715194311122e-01,2.399002178401193341e-01,-4.871208893595504463e-01
5.940000000000000391e+00,-2.492385138674136913e-01,2.460134074679129756e-01,-4.952519213353266947e-01
5.950000000000000178e+00,-2.511459391613504177e-01,2.529721964115712041e-01,-5.041181355729216218e-01
5.959999999999999964e+00,-2.529457699167141360e-01,2.605514776623379380e-01,-5.134972475790520186e-01
5.969999999999999751e+00,-2.546492409832526449e-01,2.685874230518517369e-01,-5.232366640351043818e-01
5.980000000000000426e+00,-2.562351896418841868e-01,2.770423995218310176e-01,-5.332775891637151489e-01
5.990000000000000213e+00,-2.576896523169753817e-01,2.860078641758678764e-01,-5.436975164928432580e-01
6.000000000000000000e+00,-2.590431238785559365e-01,2.953784267231058247e-01,-5.544215506016617612e-01
6.009999999999999787e+00,-2.603130543719331946e-01,3.051196953624090158e-01,-5.654327497343422104e-01
6.020000000000000462e+00,-2.615001496045936680e-01,3.156106594408715771e-01,-5.771108090454653006e-01
6.030000000000000249e+00,-2.626041951424807896e-01,3.271405976926961001e-01,-5.897447928351768898e-01
6.040000000000000036e+00,-2.636228037308104843e-01,3.399021270403420614e-01,-6.035249307711525457e-01
6.049999999999999822e+00,-2.645550320863849780e-01,3.539532228820748139e-01,-6.185082549684597364e-01
6.060000000000000497e+00,-2.654354790771894512e-01,3.693539336715932486e-01,-6.347894127487827554e-01
6.070000000000000284e+00,-2.662274531404473232e-01,3.863346177704874429e-01,-6.525620709109347661e-01
6.080000000000000071e+00,-2.669066500261746411e-01,4.053675278121779413e-01,-6.722741778383525268e-01
6.089999999999999858e+00,-2.674812333949574961e-01,4.260032113455811120e-01,-6.934844447405386081e-01
6.100000000000000533e+00,-2.679161907236316531e-01,4.480455529498975076e-01,-7.159617436735291607e-01
6.110000000000000320e+00,-2.681975090620654090e-01,4.717337748153442867e-01,-7.399312838774096956e-01
6.120000000000000107e+00,-2.683067086731939499e-01,4.971765734270008341e-01,-7.654832821001947840e-01
6.129999999999999893e+00,-2.682918364969809066e-01,5.246937563009650418e-01,-7.929855927979458929e-01
6.140000000000000568e+00,-2.681937270299231679e-01,5.549461553929216917e-01,-8.231398824228448596e-01
6.150000000000000355e+00,-2.680578583142063653e-01,5.899828366506526534e-01,-8.580406949648590187e-01
6.160000000000000142e+00,-2.679611376195225603e-01,6.322667066800683466e-01,-9.002278442995909069e-01
6.169999999999999929e+00,-2.679598944479247291e-01,6.852450683332437231e-01,-9.532049627811685077e-01
6.179999999999999716e+00,-2.680317121075660447e-01,7.538600497515656196e-01,-1.021891761859131664e+00
6.190000000000000391e+00,-2.681591759579841083e-01,8.434578226525598632e-01,-1.111616998610543972e+00
6.200000000000000178e+00,-2.683606888953065095e-01,9.538184873776988093e-01,-1.222179176273005208e+00
6.209999999999999964e+00,-2.686769731432406827e-01,1.087619538450488310e+00,-1.356296511593729104e+00
6.219999999999999751e+00,-2.692087653236051037e-01,1.254765826430500608e+00,-1.523974591754105656e+00
6.230000000000000426e+00,-2.700341533986960196e-01,1.477186012111099123e+00,-1.747220165509795198e+00
6.240000000000000213e+00,-2.711936984592772104e-01,1.797984100378925643e+00,-2.069177798838202964e+00
6.250000000000000000e+00,-2.727096469483294428e-01,2.304041148404624373e+00,-2.576750795352953816e+00
6.259999999999999787e+00,-2.746914321416569771e-01,3.207748856055228526e+00,-3.482440288196885447e+00
6.270000000000000462e+00,-2.772923637432757049e-01,4.488790788494077866e+00,-4.766083152237353460e+00
6.280000000000000249e+00,-2.805813097585873606e-01,4.911830467732619887e+00,-5.192411777491207303e+00
6.290000000000000036e+00,-2.845594416885443012e-01,3.815035420082475426e+00,-4.099594861771019616e+00
6.299999999999999822e+00,-2.892150910141401132e-01,2.381526974758592097e+00,-2.670742065772732321e+00
6.310000000000000497e+00,-2.944937257861666158e-01,1.190940341309487893e+00,-1.485434067095654509e+00
6.320000000000000284e+00,-3.004127452138302123e-01,4.084799815377048171e-01,-7.088927267515350295e-01
6.330000000000000071e+00,-3.070209568912818932e-01,-7.631787767778055662e-03,-2.993891691235038288e-01
6.339999999999999858e+00,-3.143208400194701380e-01,-1.699568586875393472e-01,-1.443639813319307907e-01
6.350000000000000533e+00,-3.223437534563570184e-01,-1.894945910298032055e-01,-1.328491624265538129e-01
6.360000000000000320e+00,-3.311484584124774755e-01,-1.475211608413810049e-01,-1.836272975710964706e-01
6.370000000000000107e+00,-3.407412739137490876e-01,-9.226264597968461545e-02,-2.484786279340644721e-01
6.379999999999999893e+00,-3.510956918414687711e-01,-4.624755688637730705e-02,-3.048481349550914432e-01
6.390000000000000568e+00,-3.622135659091544890e-01,-1.594880380189618238e-02,-3.462647621072583171e-01
6.400000000000000355e+00,-3.741149344903044738e-01,1.985227019694652971e-04,-3.743134571922739351e-01
6.410000000000000142e+00,-3.868078897239427549e-01,6.523190359614354679e-03,-3.933310800835571053e-01
6.419999999999999929e+00,-4.002878247581416749e-01,7.310354791451217742e-03,-4.075981795495928761e-01
6.429999999999999716e+00,-4.145773899681813868e-01,5.704300174914403096e-03,-4.202816901430957985e-01
6.440000000000000391e+00,-4.296749049615428140e-01,3.574279705478127390e-03,-4.332491846670209479e-01
6.450000000000000178e+00,-4.456001991675426765e-01,1.795871963931041423e-03,-4.473960711314737271e-01
6.459999999999999964e+00,-4.623391322491066657e-01,6.226512953122586951e-04,-4.629617835444189144e-01
6.469999999999999751e+00,-4.798328582726892888e-01,-3.934982570142716264e-06,-4.798289232901191692e-01
6.480000000000000426e+00,-4.980859240967314139e-01,-2.503476966287640536e-04,-4.978355764001026751e-01
6.490000000000000213e+00,-5.170913281471997136e-01,-2.820123993930619133e-04,-5.168093157478066413e-01
6.500000000000000000e+00,-5.368586991502171113e-01,-2.205681042104716387e-04,-5.366381310460066612e-01
6.509999999999999787e+00,-5.573859041132873671e-01,-1.384660838125937861e-04,-5.572474380294747398e-01
6.520000000000000462e+00,-5.786273132848601675e-01,-6.973484077085012427e-05,-5.785575784440892821e-01
6.530000000000000249e+00,-6.005219902131433418e-01,-2.430646592176253005e-05,-6.004976837472215667e-01
6.540000000000000036e+00,-6.230278696166019481e-01,7.220553430009223919e-09,-6.230278768371553255e-01
6.549999999999999822e+00,-6.461118639590506252e-01,9.607020035773043378e-06,-6.461214709790863431e-01
6.560000000000000497e+00,-6.697615365803868404e-01,1.087892509171077139e-05,-6.697724155054785022e-01
6.570000000000000284e+00,-6.940243372631234031e-01,8.528552453824605385e-06,-6.940328658155772157e-01
6.580000000000000071e+00,-7.188884994087261227e-01,5.364021905206731904e-06,-7.188938634306313302e-01
6.589999999999999858e+00,-7.442840246431294826e-01,2.707772693384994349e-06,-7.442867324158228826e-01
6.600000000000000533e+00,-7.702051490441881310e-01,9.487669841309146691e-07,-7.702060978111722189e-01
6.610000000000000320e+00,-7.966722205964821280e-01,5.335255426089188654e-09,-7.966722259317375876e-01
6.620000000000000107e+00,-8.236672161719362784e-01,-3.686334000605474880e-07,-8.236668475385362509e-01
6.629999999999999893e+00,-8.512195648780835899e-01,-4.196543456043139235e-07,-8.512191452237379830e-01
6.640000000000000568e+00,-8.793812953119347631e-01,-3.297616898660615376e-07,-8.793809655502449196e-01
6.650000000000000355e+00,-9.081695420882117675e-01,-2.077925390330988532e-07,-9.081693342956727033e-01
6.660000000000000142e+00,-9.375839180590941346e-01,-1.051387044740191828e-07,-9.375838129203896143e-01
6.669999999999999929e+00,-9.676405440529066704e-01,-3.703043316609741414e-08,-9.676405070224735061e-01
6.679999999999999716e+00,-9.982775338434510815e-01,-4.237879691954510447e-10,-9.982775334196630768e-01
6.690000000000000391e+00,-1.029455006557317587e+00,1.414362972649317082e-08,-1.029455020700947410e+00
6.700000000000000178e+00,-1.061175840735579134e+00,1.618770713917025782e-08,-1.061175856923286309e+00
6.709999999999999964e+00,-1.093477138975953000e+00,1.275020950592362794e-08,-1.093477151726162555e+00
6.719999999999999751e+00,-1.126392703136450235e+00,8.049365440958791502e-09,-1.126392711185815632e+00
6.730000000000000426e+00,-1.159953710129001614e+00,4.082264518407134895e-09,-1.159953714211266140e+00
6.740000000000000213e+00,-1.194202262092214584e+00,1.445174030678111341e-09,-1.194202263537388564e+00
6.750000000000000000e+00,-1.229202287677555017e+00,2.481145722959028674e-11,-1.229202287702366503e+00
6.759999999999999787e+00,-1.265008011409834543e+00,-5.426084936887336131e-10,-1.265008010867226140e+00
6.770000000000000462e+00,-1.301649655426223129e+00,-6.244055398004438173e-10,-1.301649654801817491e+00
6.780000000000000249e+00,-1.339135948875055604e+00,-4.929770171657368191e-10,-1.339135948382078611e+00
6.790000000000000036e+00,-1.377479318200492298e+00,-3.118068426788872975e-10,-1.377479317888685495e+00
6.799999999999999822e+00,-1.416660956531554216e+00,-1.584994806522101275e-10,-1.416660956373054780e+00
6.810000000000000497e+00,-1.456683041866700501e+00,-5.639547508159483306e-11,-1.456683041810304946e+00
6.820000000000000284e+00,-1.497564930027488916e+00,-1.285730288301728632e-12,-1.497564930026203278e+00
6.830000000000000071e+00,-1.539304355254850654e+00,2.081474491760719145e-11,-1.539304355275665337e+00
6.839999999999999858e+00,-1.581917726151208958e+00,2.408440207151203283e-11,-1.581917726175293470e+00
6.850000000000000533e+00,-1.625448921783212652e+00,1.906023451517645358e-11,-1.625448921802272961e+00
6.860000000000000320e+00,-1.669919974370396298e+00,1.207819269364305782e-11,-1.669919974382474415e+00
6.870000000000000107e+00,-1.715365314532872443e+00,6.153791822699386168e-12,-1.715365314539026187e+00
6.879999999999999893e+00,-1.761792994102141297e+00,2.200552499955113919e-12,-1.761792994104341759e+00
6.890000000000000568e+00,-1.809141869377838496e+00,6.235646541149177007e-14,-1.809141869377900891e+00
6.900000000000000355e+00,-1.857407819307803409e+00,-7.983873665203688786e-13,-1.857407819307004937e+00
6.910000000000000142e+00,-1.906605445747443284e+00,-9.289505991117782019e-13,-1.906605445746514249e+00
6.919999999999999929e+00,-1.956752869358431290e+00,-7.369228221594766897e-13,-1.956752869357694324e+00
6.929999999999999716e+00,-2.007833857769819819e+00,-4.678542674078275738e-13,-2.007833857769351749e+00
6.940000000000000391e+00,-2.059836038827794091e+00,-2.389164686447047517e-13,-2.059836038827555171e+00
6.950000000000000178e+00,-2.112755743588079493e+00,-8.585847427660816616e-14,-2.112755743587993784e+00
6.959999999999999964e+00,-2.166568580298640079e+00,-2.900788219068178440e-15,-2.166568580298636970e+00
6.969999999999999751e+00,-2.221324980540201999e+00,3.062058739965516812e-14,-2.221324980540232641e+00
6.980000000000000426e+00,-2.277025930389354080e+00,3.582918370408344290e-14,-2.277025930389390052e+00
6.990000000000000213e+00,-2.333642278368081246e+00,2.849101733979884375e-14,-2.333642278368109668e+00
7.000000000000000000e+00,-2.391155511811617895e+00,1.812222750069127476e-14,-2.391155511811636103e+00
7.009999999999999787e+00,-2.449540946020587029e+00,9.275509537556364514e-15,-2.449540946020596355e+00
7.020000000000000462e+00,-2.508748407253680313e+00,3.349647721112386888e-15,-2.508748407253683865e+00
7.030000000000000249e+00,-2.568783019293245484e+00,1.311309316184689198e-16,-2.568783019293245484e+00
7.040000000000000036e+00,-2.629637479434713043e+00,-1.174275217584726911e-15,-2.629637479434711711e+00
7.049999999999999822e+00,-2.691263402309848285e+00,-1.381874702895690314e-15,-2.691263402309846953e+00
7.060000000000000497e+00,-2.753654501572916580e+00,-1.101503990217103911e-15,-2.753654501572915692e+00
7.070000000000000284e+00,-2.816848564602932203e+00,-7.019479590354067891e-16,-2.816848564602931315e+00
7.080000000000000071e+00,-2.880859201294670324e+00,-3.600957042490451513e-16,-2.880859201294669880e+00
7.089999999999999858e+00,-2.945683830901561162e+00,-1.306712973234481956e-16,-2.945683830901561162e+00
7.100000000000000533e+00,-3.011342093423027944e+00,-5.805062611883417882e-18,-3.011342093423027944e+00
7.110000000000000320e+00,-3.077795549261718389e+00,4.502793025405588219e-17,-3.077795549261718389e+00
7.120000000000000107e+00,-3.145017163288225781e+00,5.329516242940282878e-17,-3.145017163288225781e+00
7.129999999999999893e+00,-3.213040545359541866e+00,4.258496974617634191e-17,-3.213040545359541866e+00
7.140000000000000568e+00,-3.281863223399300367e+00,2.718883631783321029e-17,-3.281863223399300367e+00
7.150000000000000355e+00,-3.351499925760033527e+00,1.397933944183771302e-17,-3.351499925760033527e+00
7.160000000000000142e+00,-3.421894203661342004e+00,5.097144182816204162e-18,-3.421894203661342004e+00
7.169999999999999929e+00,-3.492995342454241925e+00,2.529182701946627743e-19,-3.492995342454241925e+00
7.179999999999999716e+00,-3.564890142947395368e+00,-1.726429929253854225e-18,-3.564890142947395368e+00
7.190000000000000391e+00,-3.637632465018682204e+00,-2.055389794639656320e-18,-3.637632465018682204e+00
7.200000000000000178e+00,-3.711300775481447101e+00,-1.646337023936066422e-18,-3.711300775481447101e+00
7.209999999999999964e+00,-3.785890356534190371e+00,-1.053097796152471875e-18,-3.785890356534190371e+00
7.219999999999999751e+00,-3.861411997500455939e+00,-5.426801994738865017e-19,-3.861411997500455939e+00
7.230000000000000426e+00,-3.937866205880311110e+00,-1.988107287869138441e-19,-3.937866205880311110e+00
7.240000000000000213e+00,-4.015254422643794285e+00,-1.088166784941806630e-20,-4.015254422643794285e+00
7.250000000000000000e+00,-4.093554704360411911e+00,6.618658232099571523e-20,-4.093554704360411911e+00
7.259999999999999787e+00,-4.172826831272214321e+00,7.926615524283282084e-20,-4.172826831272214321e+00
7.270000000000000462e+00,-4.253148778742325220e+00,6.364631491320676042e-20,-4.253148778742325220e+00
7.280000000000000249e+00,-4.334475720299566959e+00,4.078863564602643540e-20,-4.334475720299566959e+00
7.290000000000000036e+00,-4.416786965501638740e+00,2.106638350287175618e-20,-4.416786965501638740e+00
7.299999999999999822e+00,-4.500111783817474453e+00,7.753886153947451040e-21,-4.500111783817474453e+00
7.310000000000000497e+00,-4.584451791637645712e+00,4.634463577197563256e-22,-4.584451791637645712e+00
7.320000000000000284e+00,-4.669741728032833272e+00,-2.537138078783442302e-21,-4.669741728032833272e+00
7.330000000000000071e+00,-4.755894705317381899e+00,-3.056810325235163329e-21,-4.755894705317381899e+00
7.339999999999999858e+00,-4.842834528311133369e+00,-2.460480232837838335e-21,-4.842834528311133369e+00
7.350000000000000533e+00,-4.930507241051505396e+00,-1.579799805794666028e-21,-4.930507241051505396e+00
7.360000000000000320e+00,-5.018883381647849085e+00,-8.177579002916458616e-22,-5.018883381647849085e+00
7.370000000000000107e+00,-5.107967505462154278e+00,-3.023891718182286435e-22,-5.107967505462154278e+00
7.379999999999999893e+00,-5.197768695407321893e+00,-1.957329447559800457e-23,-5.197768695407321893e+00
7.390000000000000568e+00,-5.288271762847696067e+00,9.724571892894423166e-23,-5.288271762847696067e+00
7.400000000000000355e+00,-5.379500452371614116e+00,1.178789333190270232e-22,-5.379500452371614116e+00
7.410000000000000142e+00,-5.471451736353112771e+00,9.511709504490591393e-23,-5.471451736353112771e+00
7.419999999999999929e+00,-5.564127749250471489e+00,6.118674460018113734e-23,-5.564127749250471489e+00
7.429999999999999716e+00,-5.657558447314849026e+00,3.174302639696535449e-23,-5.657558447314849026e+00
7.440000000000000391e+00,-5.751713105762937595e+00,1.179181776936976353e-23,-5.751713105762937595e+00
7.450000000000000178e+00,-5.846615572246630421e+00,8.208695186485520250e-25,-5.846615572246630421e+00
7.459999999999999964e+00,-5.942260611809663473e+00,-3.726903809693454500e-24,-5.942260611809663473e+00
7.469999999999999751e+00,-6.038609068911903854e+00,-4.545595810196486141e-24,-6.038609068911903854e+00
7.480000000000000426e+00,-6.135630284763084141e+00,-3.676963665600983513e-24,-6.135630284763084141e+00
7.490000000000000213e+00,-6.233343224911775948e+00,-2.369763815246530372e-24,-6.233343224911775948e+00
7.500000000000000000e+00,-6.331703748147730515e+00,-1.232142101050799850e-24,-6.331703748147730515e+00
7.509999999999999787e+00,-6.430701226074635457e+00,-4.597941843807218850e-25,-6.430701226074635457e+00
7.520000000000000462e+00,-6.530306702567475696e+00,-3.422035770307544529e-26,-6.530306702567475696e+00
7.530000000000000249e+00,-6.630478687128229076e+00,1.428157864695858406e-25,-6.630478687128229076e+00
7.540000000000000036e+00,-6.731188717815214773e+00,1.752799546326743265e-25,-6.731188717815214773e+00
7.549999999999999822e+00,-6.832404990687839685e+00,1.421386356536636570e-25,-6.832404990687839685e+00
7.560000000000000497e+00,-6.934169588005119955e+00,9.177940034640817074e-26,-6.934169588005119955e+00
7.570000000000000284e+00,-7.036528041401442835e+00,4.782579680836922450e-26,-7.036528041401442835e+00
7.580000000000000071e+00,-7.139513279167380766e+00,1.792729858272650753e-26,-7.139513279167380766e+00
7.589999999999999858e+00,-7.243163585821691619e+00,1.419237663458822487e-27,-7.243163585821691619e+00
7.600000000000000533e+00,-7.347522596205407375e+00,-5.472094531256664601e-27,-7.347522596205407375e+00
7.610000000000000320e+00,-7.452561386868311821e+00,-6.758657022357160254e-27,-7.452561386868311821e+00
7.620000000000000107e+00,-7.558212755531543259e+00,-5.494484739191902373e-27,-7.558212755531543259e+00
7.629999999999999893e+00,-7.664438059880046339e+00,-3.554494234069045351e-27,-7.664438059880046339e+00
7.640000000000000568e+00,-7.771152791679865501e+00,-1.856319153509797888e-27,-7.771152791679865501e+00
7.650000000000000355e+00,-7.878351084932831760e+00,-6.989326890552664365e-28,-7.878351084932831760e+00
7.660000000000000142e+00,-7.986043741497030446e+00,-5.859706018818201484e-29,-7.986043741497030446e+00
7.669999999999999929e+00,-8.094238761999957177e+00,2.096424769438914447e-28,-8.094238761999957177e+00
7.679999999999999716e+00,-8.202928040802994758e+00,2.606004642567889745e-28,-8.202928040802994758e+00
7.690000000000000391e+00,-8.312084181735530208e+00,2.123898734287054571e-28,-8.312084181735530208e+00
7.700000000000000178e+00,-8.421709455275877332e+00,1.376584479320803655e-28,-8.421709455275877332e+00
7.709999999999999964e+00,-8.531832164922521500e+00,7.204969628148800186e-29,-8.531832164922521500e+00
7.719999999999999751e+00,-8.642523038629690291e+00,2.724742251051667691e-29,-8.642523038629690291e+00
7.730000000000000426e+00,-8.753805101919223119e+00,2.409814677941459244e-30,-8.753805101919223119e+00
7.740000000000000213e+00,-8.865654768294206178e+00,-8.030678273764578854e-30,-8.865654768294206178e+00
7.750000000000000000e+00,-8.978055913502988261e+00,-1.004792726268770065e-29,-8.978055913502988261e+00
7.759999999999999787e+00,-9.090988570290575055e+00,-8.209800933209052203e-30,-9.090988570290575055e+00
7.770000000000000462e+00,-9.204391629816310427e+00,-5.331143706718887042e-30,-9.204391629816310427e+00
7.780000000000000249e+00,-9.318227000816481365e+00,-2.796409717450295186e-30,-9.318227000816481365e+00
7.790000000000000036e+00,-9.432463065107009825e+00,-1.062149159863217565e-30,-9.432463065107009825e+00
7.799999999999999822e+00,-9.547104191661192729e+00,-9.875856844777709510e-32,-9.547104191661192729e+00
7.810000000000000497e+00,-9.662090947957171494e+00,3.075893757012039652e-31,-9.662090947957171494e+00
7.820000000000000284e+00,-9.777315025439845542e+00,3.874040873004818242e-31,-9.777315025439845542e+00
7.830000000000000071e+00,-9.892754824002732761e+00,3.173389740306866638e-31,-9.892754824002732761e+00
7.839999999999999858e+00,-1.000848883366031750e+01,2.064573679456698018e-31,-1.000848883366031750e+01
7.850000000000000533e+00,-1.012459808126338068e+01,1.085322112892089375e-31,-1.012459808126338068e+01
7.860000000000000320e+00,-1.024110761241764145e+01,4.140149580094272055e-32,-1.024110761241764145e+01
7.870000000000000107e+00,-1.035807242819806717e+01,4.034721096937412472e-33,-1.035807242819806717e+01
7.879999999999999893e+00,-1.047547982040873116e+01,-1.177973333198832528e-32,-1.047547982040873116e+01
7.890000000000000568e+00,-1.059335595776830985e+01,-1.493613495594875297e-32,-1.059335595776830985e+01
7.900000000000000355e+00,-1.071174586835367748e+01,-1.226608996261534741e-32,-1.071174586835367748e+01
7.910000000000000142e+00,-1.083063306495346723e+01,-7.995265103556297587e-33,-1.083063306495346723e+01
7.919999999999999929e+00,-1.094999411680725565e+01,-4.212168750946023106e-33,-1.094999411680725565e+01
7.930000000000000604e+00,-1.106979855301992366e+01,-1.613679978184422715e-33,-1.106979855301992366e+01
7.940000000000000391e+00,-1.119003630300462859e+01,-1.643761304711389429e-34,-1.119003630300462859e+01
7.950000000000000178e+00,-1.131066689774208101e+01,4.510694789352745645e-34,-1.131066689774208101e+01
7.959999999999999964e+00,-1.143172222134406013e+01,5.758355445338303531e-34,-1.143172222134406013e+01
7.969999999999999751e+00,-1.155320771960883697e+01,4.741118419250876850e-34,-1.155320771960883697e+01
7.980000000000000426e+00,-1.167510976138837009e+01,3.096191720488827187e-34,-1.167510976138837009e+01
7.990000000000000213e+00,-1.179746521650906566e+01,1.634715546679191629e-34,-1.179746521650906566e+01
